job_title,job_type,experience_level,location,salary_currency,salary
Data scientist,Full Time,Senior,New York City,USD,149000
Data scientist,Full Time,Senior,Boston,USD,120000
Data scientist,Full Time,Senior,London,USD,68000
Data scientist,Full Time,Senior,Boston,USD,120000
Data scientist,Full Time,Senior,New York City,USD,149000
Data scientist,Full Time,Senior,London,USD,68000
Data scientist,Full Time,Senior,Research Triangle Park,USD,69000
Data scientist,Full Time,Senior,Sydney,USD,68000
Data scientist,Full Time,Senior,San Francisco,USD,140000
Data scientist,Full Time,Senior,Sofia,USD,68000
Data scientist,Full Time,Entry,BangPa-in,USD,35000
Data scientist,Full Time,Senior,Berlin,USD,68000
Data scientist,Full Time,Senior,NAMER,USD,68000
Data scientist,Full Time,Senior,Remote,USD,68000
Data scientist,Full Time,Senior,San Jose,USD,68000
Data scientist,Full Time,Senior,Petaling Jaya,USD,55000
Data scientist,Full Time,Senior,Englewood,USD,68000
Data scientist,Full Time,Senior,Pune,USD,68000
Data scientist,Full Time,Senior,London,USD,68000
Data scientist,Full Time,Mid,Remote,USD,40000
Data scientist,Full Time,Entry,Paris,USD,36000
Data scientist,Internship,Entry,Paris,USD,36000
Data scientist,Full Time,Mid,Gothenburg,USD,40000
Data scientist,Internship,Entry,Mountain View,USD,56000
Data scientist,Full Time,Executive,San Francisco,USD,130000
Data scientist,Full Time,Senior,San Jose,USD,68000
Data scientist,Full Time,Senior,Porto,USD,56000
Data scientist,Internship,Entry,Mountain View,USD,56000
Data scientist,Full Time,Senior,Ontario,USD,68000
Data scientist,Full Time,Senior,Brooklyn,USD,104000
Data scientist,Full Time,Mid,Sydney,USD,62000
Data scientist,Full Time,Senior,Remote- US,USD,150000
Data scientist,Full Time,Senior,Cambridge,USD,68000
Data scientist,Full Time,Mid,La Libertad,USD,40000
Data scientist,Full Time,Senior,San Francisco,USD,161000
Data scientist,Full Time,Senior,London,USD,68000
Data scientist,Full Time,Senior,Lithuania | UK,USD,68000
Data scientist,Full Time,Senior,Chicago,USD,68000
Data scientist,Full Time,Senior,Remote,USD,68000
Data scientist,Full Time,Senior,Remote- US,USD,150000
Data scientist,Full Time,Mid,United Kingdom - Remote,USD,40000
Data scientist,Full Time,Senior,Santiago,USD,68000
Data scientist,Full Time,Senior,Nairobi,USD,68000
Data scientist,Full Time,Mid,Luxembourg,USD,40000
Data scientist,Full Time,Senior,San Francisco OR Remote US Canada,USD,68000
Data scientist,Full Time,Senior,Paris,USD,68000
Data scientist,Full Time,Mid,Lyon,USD,40000
Data scientist,Full Time,Senior,Montreal,USD,56000
Data scientist,Full Time,Senior,Remote,USD,68000
Data scientist,Full Time,Entry,Princeton,USD,74000
Data scientist,Full Time,Mid,California,USD,40000
Data scientist,Full Time,Senior,Athens,USD,68000
Data scientist,Internship,Senior,London,USD,56000
Data scientist,Full Time,Entry,Charenton-Le-Pont,USD,36000
Data scientist,Full Time,Senior,San Francisco,USD,68000
Data scientist,Full Time,Senior,Aberdeen,USD,68000
Data scientist,Full Time,Mid,Brampton,USD,40000
Data scientist,Full Time,Senior,Salt Lake City,USD,68000
Data scientist,Full Time,Mid,Munich,USD,40000
Data scientist,Full Time,Mid,Oslo,USD,40000
Data scientist,Full Time,Senior,Basel,USD,68000
Data scientist,Full Time,Mid,DÃ¼sseldorf,USD,40000
Data scientist,Full Time,Entry,Paris,USD,36000
Data scientist,Full Time,Senior,Madrid,EUR,36000
Data scientist,Full Time,Mid,Austin,USD,40000
Data scientist,Full Time,Mid,Dallas,USD,40000
Data scientist,Full Time,Senior,Warsaw,USD,120000
Data scientist,Full Time,Mid,Houston,USD,40000
Data scientist,Full Time,Senior,Hyderabad,USD,68000
Data scientist,Full Time,Senior,Sofia,USD,68000
Data scientist,Full Time,Senior,Boston,USD,110000
Data scientist,Full Time,Senior,Paris,USD,68000
Data scientist,Full Time,Senior,Zurich,USD,68000
Data scientist,Full Time,Senior,London,USD,68000
Data scientist,Full Time,Senior,London,USD,68000
Data scientist,Full Time,Senior,New York City,USD,81000
Data scientist,Full Time,Entry,Palaiseau,USD,36000
Data scientist,Full Time,Entry,Burnaby,USD,36000
Data scientist,Full Time,Senior,Lisbon,USD,68000
Data scientist,Full Time,Senior,Tel Aviv-Yafo,USD,68000
Data scientist,Full Time,Mid,United Kingdom - Remote,USD,40000
Data scientist,Full Time,Senior,United States,USD,152000
Data scientist,Full Time,Mid,Toronto,USD,40000
Data scientist,Full Time,Senior,Indianapolis,USD,68000
Data scientist,Full Time,Mid,Athens,USD,51000
Data scientist,Full Time,Mid,New York City,USD,40000
Data scientist,Full Time,Senior,New York,USD,95000
Data scientist,Full Time,Senior,London,USD,68000
Data scientist,Full Time,Mid,Dayton,USD,40000
Data scientist,Full Time,Senior,Seoul,USD,68000
Data scientist,Full Time,Entry,Glasgow,USD,36000
Data scientist,Full Time,Mid,Emeryville,USD,135000
Data scientist,Full Time,Entry,Massy - France,USD,36000
Data scientist,Full Time,Senior,San Francisco,USD,68000
Data scientist,Full Time,Mid,Paris,EUR,50000
Data scientist,Full Time,Senior,Belo Horizonte,USD,68000
Data scientist,Full Time,Senior,Oakville,USD,68000
Data scientist,Full Time,Senior,Midrand,USD,68000
Data scientist,Full Time,Mid,Roppongi,USD,40000
Data scientist,Full Time,Senior,Solna,USD,68000
Data scientist,Full Time,Senior,Santa Clara,USD,68000
Data scientist,Full Time,Mid,Emeryville,USD,120000
Data scientist,Full Time,Senior,Boston,USD,68000
Data scientist,Full Time,Entry,Calabasas,USD,120000
Data scientist,Full Time,Senior,Bangkok,USD,68000
Data scientist,Full Time,Senior,London,USD,68000
Data scientist,Full Time,Mid,Ahmedabad,USD,40000
Data scientist,Full Time,Senior,Lisbon,USD,68000
Data scientist,Full Time,Entry,Roppongi,USD,56000
Data scientist,Full Time,Senior,Remote,USD,68000
Data scientist,Full Time,Senior,Brooklyn,USD,196000
Data scientist,Full Time,Senior,Dallas,USD,68000
Data scientist,Full Time,Senior,New York City,USD,125000
Data scientist,Full Time,Entry,Lisboa,USD,36000
Data scientist,Full Time,Senior,Markham,USD,68000
Data scientist,Full Time,Senior,Athina,USD,68000
Data scientist,Full Time,Mid,London,USD,40000
Data scientist,Full Time,Mid,Berlin,USD,40000
Data scientist,Full Time,Senior,Chicago,USD,68000
Data scientist,Full Time,Entry,Norfolk,USD,36000
Data scientist,Full Time,Senior,Boston,USD,68000
Data scientist,Full Time,Senior,Remote (DC),USD,68000
Data scientist,Full Time,Senior,Bengaluru,USD,68000
Data scientist,Full Time,Senior,Tel Aviv-Yafo,USD,68000
Data scientist,Full Time,Mid,Houston,USD,40000
Data scientist,Full Time,Senior,Seattle,USD,68000
Data scientist,Full Time,Senior,Norfolk,USD,68000
Data scientist,Full Time,Senior,Belfast,USD,68000
Data scientist,Full Time,Senior,Toronto,USD,68000
Data scientist,Full Time,Mid,Toronto,USD,40000
Data scientist,Full Time,Senior,Remote - United States,USD,68000
Data scientist,Full Time,Entry,Toronto,USD,36000
Data scientist,Full Time,Senior,Tampa,USD,68000
Data scientist,Full Time,Senior,Berlin,USD,68000
Data scientist,Full Time,Mid,DÃ¼sseldorf,USD,40000
Data scientist,Full Time,Senior,DÃ¼sseldorf,USD,68000
Data scientist,Full Time,Entry,Amsterdam,USD,36000
Data scientist,Full Time,Senior,Amsterdam,USD,68000
Data scientist,Full Time,Mid,Munich,USD,40000
Data scientist,Full Time,Mid,Lyon,USD,51000
Data scientist,Full Time,Senior,Basel,USD,68000
Data scientist,Full Time,Mid,Oslo,USD,40000
Data scientist,Full Time,Senior,Longueuil,USD,68000
Data scientist,Full Time,Senior,Glattbrugg,USD,56000
Data scientist,Full Time,Senior,New York City,USD,70000
Data scientist,Full Time,Senior,Atlanta,USD,120000
Data scientist,Full Time,Senior,Toronto,USD,68000
Data scientist,Full Time,Mid,Barcelona,USD,40000
Data scientist,Full Time,Mid,London,USD,51000
Data scientist,Full Time,Senior,Madrid,EUR,36000
Data scientist,Full Time,Mid,Abu Dhabi,USD,51000
Data scientist,Full Time,Mid,Berlin,USD,40000
Data scientist,Full Time,Senior,Fort Bragg,USD,68000
Data scientist,Full Time,Senior,Remote - US,USD,68000
Data scientist,Full Time,Senior,San Francisco,USD,129000
Data scientist,Full Time,Mid,Singapore,USD,51000
Data scientist,Full Time,Senior,Toronto,USD,68000
Data scientist,Full Time,Senior,Berlin,USD,120000
Data scientist,Full Time,Mid,London,USD,40000
Data scientist,Full Time,Mid,Brampton,USD,40000
Data scientist,Full Time,Senior,UK,USD,68000
Data scientist,Full Time,Senior,Aarhus,USD,68000
Data scientist,Full Time,Senior,Canada,USD,68000
Data scientist,Full Time,Mid,Remote,USD,115000
Data scientist,Full Time,Senior,Berlin,USD,120000
Data scientist,Full Time,Senior,Redwood City,USD,68000
Data scientist,Full Time,Senior,Berlin,USD,68000
Data scientist,Full Time,Mid,Paris,USD,40000
Data scientist,Full Time,Entry,Burnaby,USD,36000
Data scientist,Full Time,Senior,Remote - United States,USD,56000
Data scientist,Full Time,Senior,Remote - US,USD,68000
Data scientist,Full Time,Senior,India,USD,68000
Data scientist,Full Time,Senior,Remote,USD,68000
Data scientist,Full Time,Senior,Heredia,USD,68000
Data scientist,Full Time,Senior,Jealott's Hill,USD,68000
Data scientist,Full Time,Mid,Mountain View,USD,90000
Data scientist,Full Time,Senior,Miami - will also consider remote in â€¦,USD,68000
Data scientist,Full Time,Senior,Porto,USD,68000
Data scientist,Full Time,Senior,Tel Aviv,USD,68000
Data scientist,Full Time,Mid,West Jakarta,USD,40000
Data scientist,Internship,Entry,Paris,USD,36000
Data scientist,Full Time,Entry,Montreal,USD,36000
Data scientist,Full Time,Mid,Berlin,EUR,58000
Data scientist,Internship,Mid,United States - Remote,USD,62000
Data scientist,Full Time,Senior,Toronto,USD,68000
Data scientist,Full Time,Senior,Remote,USD,132000
Data scientist,Full Time,Entry,North Reading,USD,56000
Data scientist,Full Time,Senior,London,USD,68000
Data scientist,Full Time,Entry,Sunnyvale,USD,36000
Data scientist,Full Time,Senior,London,USD,68000
Data scientist,Full Time,Mid,Dallas,USD,40000
Data scientist,Full Time,Senior,Boston,USD,68000
Data scientist,Full Time,Mid,Suitland-Silver Hill,USD,51000
Data scientist,Full Time,Entry,Paris,USD,36000
Data scientist,Full Time,Senior,Chicago,USD,68000
Data scientist,Full Time,Senior,London,USD,68000
Data scientist,Full Time,Senior,Hamburg,USD,68000
Data scientist,Full Time,Senior,Remote,USD,68000
Data scientist,Full Time,Senior,London,USD,68000
Data scientist,Full Time,Mid,Bang Kapi District,USD,40000
Data scientist,Full Time,Senior,London,USD,68000
Data scientist,Full Time,Senior,Remote job,USD,68000
Data scientist,Full Time,Senior,Tel Aviv,USD,68000
Data scientist,Full Time,Senior,Remote job,USD,68000
Data scientist,Full Time,Senior,Amsterdam,USD,120000
Data scientist,Full Time,Mid,KÃ¸benhavn,USD,40000
Data scientist,Full Time,Senior,Cincinnati,USD,68000
Data scientist,Full Time,Senior,Dallas,USD,68000
Data scientist,Full Time,Senior,Singapore,USD,56000
Data scientist,Full Time,Senior,Stockholm,USD,68000
Data scientist,Full Time,Senior,Longueuil,USD,68000
Data scientist,Full Time,Senior,Renningen,USD,56000
Data scientist,Full Time,Entry,Paris,USD,36000
Data scientist,Full Time,Entry,Paris,USD,36000
Data scientist,Full Time,Senior,New York City,USD,120000
Data scientist,Full Time,Senior,Berlin,USD,68000
Data scientist,Full Time,Senior,Atlanta,USD,68000
Data scientist,Full Time,Senior,Bangkok,USD,68000
Data scientist,Full Time,Senior,Bangkok,USD,63000
Data scientist,Full Time,Senior,USA (remote),USD,68000
Data scientist,Full Time,Senior,New York,USD,145000
Data scientist,Full Time,Senior,New York City - Boston,USD,68000
Data scientist,Full Time,Mid,New York City,USD,40000
Data scientist,Full Time,Mid,Bangkok,USD,51000
Data scientist,Full Time,Mid,Brampton,USD,40000
Data scientist,Full Time,Senior,Seattle,USD,56000
Data scientist,Full Time,Mid,Hong Kong,USD,40000
Data scientist,Full Time,Senior,San Francisco,USD,129000
Data scientist,Full Time,Mid,Emeryville,USD,120000
Data scientist,Full Time,Entry,Berlin,USD,36000
Data scientist,Full Time,Senior,San Mateo,USD,68000
Data scientist,Full Time,Senior,Santa Clara,USD,68000
Data scientist,Full Time,Mid,Berlin,USD,40000
Data scientist,Full Time,Mid,MÃ¡laga,USD,40000
Data scientist,Full Time,Senior,Bangkok,USD,63000
Data scientist,Full Time,Senior,Madrid,USD,68000
Data scientist,Full Time,Mid,France - Remote,USD,40000
Data scientist,Full Time,Senior,Herndon,USD,122000
Data scientist,Full Time,Senior,Madrid,EUR,36000
Data scientist,Full Time,Mid,Porto,USD,40000
Data scientist,Full Time,Senior,Toronto,USD,120000
Data scientist,Full Time,Mid,Brussels,USD,40000
Data scientist,Full Time,Mid,Spain - Remote,USD,40000
Data scientist,Full Time,Senior,Helsinki,USD,68000
Data scientist,Full Time,Mid,Fort Belvoir,USD,40000
Data scientist,Internship,Senior,San Jose,USD,56000
Data scientist,Full Time,Mid,London,USD,40000
Data scientist,Full Time,Senior,San Francisco,USD,68000
Data scientist,Full Time,Mid,Utrecht,USD,40000
Data scientist,Full Time,Mid,Ireland - Remote,USD,40000
Data scientist,Full Time,Entry,Sunnyvale,USD,36000
Data scientist,Full Time,Mid,Dubai,USD,40000
Data scientist,Internship,Senior,Asia,USD,68000
Data scientist,Full Time,Senior,Ann Arbor,USD,68000
Data scientist,Full Time,Senior,"New York City, San Francisco",USD,107000
Data scientist,Full Time,Senior,Remote,USD,68000
Data scientist,Full Time,Senior,Washington DC - will also consider remote â€¦,USD,68000
Data scientist,Full Time,Senior,Canada,USD,68000
Data scientist,Full Time,Senior,Dubai,USD,68000
Data scientist,Full Time,Mid,Warsaw,USD,40000
Data scientist,Full Time,Mid,LÃ¼neburg,USD,40000
Data scientist,Full Time,Entry,Saint-Denis,USD,36000
Data scientist,Full Time,Mid,Cambridge,USD,30000
Data scientist,Full Time,Mid,England,USD,40000
Data scientist,Full Time,Senior,Bengaluru,USD,68000
Data scientist,Full Time,Senior,Baar,USD,68000
Data scientist,Full Time,Senior,Indianapolis,USD,68000
Data scientist,Full Time,Senior,Ottawa,USD,68000
Data scientist,Full Time,Senior,Palo Alto,USD,56000
Data scientist,Full Time,Senior,Flexible,USD,68000
Data scientist,Full Time,Senior,Santiago de QuerÃ©taro,USD,68000
Data scientist,Full Time,Mid,London,USD,40000
Data scientist,Full Time,Entry,Remote,USD,36000
Data scientist,Full Time,Senior,New York City,USD,81000
Data scientist,Full Time,Senior,KrakÃ³w,USD,68000
Data scientist,Full Time,Mid,United States - Remote,USD,40000
Data scientist,Internship,Entry,Paris,USD,36000
Data scientist,Full Time,Senior,Montreal,USD,68000
Data scientist,Full Time,Mid,Roppongi,USD,62000
Data scientist,Full Time,Senior,Valencia,USD,68000
Data scientist,Full Time,Senior,Berlin,USD,68000
Data scientist,Full Time,Mid,San Diego,USD,40000
Data scientist,Full Time,Senior,Berlin,USD,68000
Data scientist,Full Time,Senior,Remote,USD,68000
Data scientist,Full Time,Mid,Arlington,USD,40000
Data scientist,Full Time,Senior,San Francisco,USD,129000
Data scientist,Full Time,Senior,Brooklyn,USD,184000
Data scientist,Full Time,Mid,Milan,USD,40000
Data scientist,Full Time,Mid,Toronto,USD,40000
Data scientist,Internship,Mid,Bengaluru,USD,62000
Data scientist,Full Time,Senior,Enkhuizen,USD,68000
Data scientist,Full Time,Senior,Berlin,USD,68000
Data scientist,Full Time,Senior,Barcelona,USD,68000
Data scientist,Full Time,Senior,Brooklyn,USD,104000
Data scientist,Full Time,Senior,Berlin,USD,68000
Data scientist,Full Time,Senior,Madrid,USD,56000
Data scientist,Full Time,Entry,Vienna,USD,36000
Data scientist,Full Time,Senior,Brooklyn,USD,130000
Data scientist,Full Time,Mid,Spain - Remote,USD,40000
Data scientist,Full Time,Mid,Dallas,USD,40000
Data scientist,Full Time,Senior,Mountain View,USD,68000
Data scientist,Full Time,Senior,Seattle,USD,68000
Data scientist,Full Time,Mid,Bordeaux,USD,40000
Data scientist,Full Time,Senior,Tel Aviv-Yafo,USD,68000
Data scientist,Full Time,Mid,Roppongi,USD,62000
Data scientist,Full Time,Senior,Warsaw,USD,68000
Data scientist,Full Time,Senior,Irving,USD,68000
Data scientist,Full Time,Senior,Warsaw,USD,56000
Data scientist,Full Time,Mid,Chelmsford,USD,87000
Data scientist,Full Time,Mid,Paris,USD,40000
Data scientist,Full Time,Senior,Dallas,USD,68000
Data scientist,Internship,Senior,Chicago,USD,68000
Data scientist,Full Time,Senior,Mountain View,USD,56000
Data scientist,Full Time,Senior,Berlin,USD,68000
Data scientist,Internship,Senior,United States,USD,68000
Data scientist,Full Time,Senior,Palo Alto,USD,68000
Data scientist,Full Time,Mid,MalmÃ¶,USD,40000
Data scientist,Full Time,Mid,Bengaluru,USD,38000
Data scientist,Full Time,Mid,London,USD,38000
Data scientist,Full Time,Senior,Hyderabad,USD,68000
Data scientist,Full Time,Senior,Bengaluru,USD,68000
Data scientist,Full Time,Senior,Berlin,USD,68000
Data scientist,Full Time,Senior,San Francisco,USD,68000
Data scientist,Full Time,Senior,Cape Town,USD,68000
Data scientist,Full Time,Senior,London,USD,68000
Data scientist,Full Time,Entry,Belgrade,USD,36000
Data scientist,Full Time,Senior,Chantilly,USD,68000
Data scientist,Full Time,Senior,Irving,USD,68000
Data scientist,Full Time,Senior,Brooklyn,USD,196000
Data scientist,Full Time,Mid,MÃ¡laga,USD,38000
Data scientist,Full Time,Senior,Brooklyn,USD,184000
Data scientist,Full Time,Mid,BÃ¼hl,USD,38000
Data scientist,Full Time,Senior,Mountain View,USD,68000
Data scientist,Full Time,Senior,Remote or San Francisco HQ,USD,196000
Data scientist,Full Time,Senior,Oakville,USD,68000
Data scientist,Full Time,Senior,Chennai,USD,68000
Data scientist,Full Time,Mid,Houston,USD,38000
Data scientist,Full Time,Senior,New York City,USD,68000
Data scientist,Full Time,Senior,Remote (within United States),USD,68000
Data scientist,Full Time,Senior,Los Gatos,USD,56000
Data scientist,Full Time,Mid,Houston,USD,38000
Data scientist,Full Time,Senior,Boston,USD,127000
Data scientist,Full Time,Senior,Jealott's Hill,USD,56000
Data scientist,Full Time,Mid,Greenville,USD,38000
Data scientist,Full Time,Senior,San Jose,USD,56000
Data scientist,Full Time,Senior,San Diego,USD,68000
Data scientist,Full Time,Mid,Austin,USD,38000
Data scientist,Full Time,Senior,Seoul,USD,68000
Data scientist,Full Time,Senior,San Francisco,USD,68000
Data scientist,Full Time,Mid,LÃ¼neburg,USD,38000
Data scientist,Full Time,Senior,London,USD,68000
Data scientist,Full Time,Senior,Brooklyn,USD,184000
Data scientist,Full Time,Senior,San Francisco,USD,129000
Data scientist,Full Time,Senior,Austin,USD,68000
Data scientist,Full Time,Senior,Madrid,EUR,36000
Data scientist,Full Time,Senior,Berlin,USD,68000
Data scientist,Full Time,Entry,Saint-Denis,USD,36000
Data scientist,Full Time,Senior,Philadelphia,USD,129000
Data scientist,Full Time,Senior,Morrisville,USD,185000
Data scientist,Full Time,Senior,U.S. Remote,USD,68000
Data scientist,Full Time,Senior,Sunnyvale,USD,56000
Data scientist,Full Time,Senior,San Francisco,USD,68000
Data scientist,Full Time,Entry,Arlington,USD,36000
Data scientist,Full Time,Senior,Lexington,USD,68000
Data scientist,Full Time,Senior,Sunnyvale,USD,56000
Data scientist,Full Time,Senior,London,USD,68000
Data scientist,Full Time,Senior,Remote (California,USD,135000
Data scientist,Full Time,Mid,DÃ¼sseldorf,USD,38000
Data scientist,Full Time,Senior,United States,USD,93000
Data scientist,Full Time,Mid,Homestead,USD,38000
Data scientist,Full Time,Entry,Bourdeaux,USD,36000
Data scientist,Full Time,Senior,Boston,USD,129000
Data scientist,Full Time,Senior,London,USD,68000
Data scientist,Full Time,Senior,Bangkok,USD,46000
Data scientist,Internship,Entry,Santa Clara,USD,36000
Data scientist,Full Time,Senior,Santa Clara,USD,68000
Data scientist,Full Time,Mid,London,USD,38000
Data scientist,Full Time,Senior,Taipei,USD,68000
Data scientist,Full Time,Senior,Paris or Remote from France,USD,68000
Data scientist,Full Time,Mid,Berlin,USD,38000
Data scientist,Full Time,Senior,Palo Alto,USD,56000
Data scientist,Full Time,Senior,San Francisco,USD,156000
Data scientist,Full Time,Senior,Dallas,USD,68000
Data scientist,Full Time,Senior,Helsinki,USD,68000
Data scientist,Full Time,Mid,Munich,USD,38000
Data scientist,Full Time,Senior,San Francisco,USD,129000
Data scientist,Full Time,Senior,Denver,USD,134000
Data scientist,Full Time,Senior,San Francisco,USD,172000
Data scientist,Full Time,Mid,PoznaÅ„,USD,38000
Data scientist,Full Time,Senior,Bangkok,USD,46000
Data scientist,Full Time,Mid,United Kingdom - Remote,USD,38000
Data scientist,Full Time,Mid,Bangkok,USD,51000
Data scientist,Full Time,Senior,Bengaluru,USD,68000
Data scientist,Full Time,Mid,South Jakarta,USD,38000
Data analyst,Full Time,Senior,Copenhagen,USD,62000
Data analyst,Full Time,Mid,Cluj,USD,51000
Data analyst,Full Time,Senior,Stuttgart,USD,62000
Data analyst,Full Time,Mid,Papendrecht,USD,51000
Data analyst,Full Time,Senior,Berlin,USD,63000
Data analyst,Full Time,Entry,Sarasota,USD,48000
Data analyst,Full Time,Senior,Jakarta,USD,63000
Data analyst,Full Time,Senior,Chicago,USD,63000
Data analyst,Full Time,Senior,Lexington,USD,63000
Data analyst,Full Time,Senior,Remote job,USD,63000
Data analyst,Full Time,Mid,Barcelona,USD,51000
Data analyst,Full Time,Mid,BogotÃ¡,USD,45000
Data analyst,Full Time,Senior,United States,USD,76000
Data analyst,Full Time,Mid,Bracknell,USD,51000
Data analyst,Full Time,Senior,San Francisco,USD,140000
Data analyst,Full Time,Entry,London,USD,30000
Data analyst,Full Time,Senior,Remote,USD,63000
Data analyst,Full Time,Entry,Sandton,USD,30000
Data analyst,Full Time,Entry,Houston,USD,30000
Data analyst,Full Time,Senior,Dublin,USD,62000
Data analyst,Full Time,Mid,Bengaluru,USD,51000
Data analyst,Full Time,Senior,Washington,USD,81000
Data analyst,Full Time,Entry,Boston,USD,30000
Data analyst,Full Time,Senior,Atlanta,USD,110000
Data analyst,Full Time,Entry,Bogota,USD,30000
Data analyst,Full Time,Senior,London,USD,63000
Data analyst,Full Time,Mid,Boulogne-Billancourt,USD,51000
Data analyst,Full Time,Senior,Madrid,EUR,38000
Data analyst,Full Time,Executive,Kampala,USD,46000
Data analyst,Full Time,Mid,London,GBP,45000
Data analyst,Full Time,Senior,Boston,USD,63000
Data analyst,Full Time,Senior,Remote,USD,123000
Data analyst,Full Time,Senior,Somerville,USD,63000
Data analyst,Full Time,Senior,Kirkland,USD,63000
Data analyst,Full Time,Senior,Boston - Remote,USD,63000
Data analyst,Full Time,Senior,Munich,USD,62000
Data analyst,Full Time,Executive,Remote,USD,141000
Data analyst,Full Time,Senior,London,USD,63000
Data analyst,Internship,Senior,Tampa,USD,63000
Data analyst,Full Time,Senior,Washington,USD,81000
Data analyst,Full Time,Mid,Riga,USD,51000
Data analyst,Full Time,Entry,Mexico City,USD,30000
Data analyst,Full Time,Senior,East Windsor,USD,63000
Data analyst,Full Time,Senior,Remote- US,USD,100000
Data analyst,Full Time,Senior,Remote,USD,127000
Data analyst,Full Time,Senior,Brooklyn,USD,104000
Data analyst,Full Time,Senior,West Palm Beach,USD,63000
Data analyst,Full Time,Mid,Monterrey,USD,51000
Data analyst,Full Time,Senior,Remote- US,USD,225000
Data analyst,Full Time,Entry,Stuttgart,USD,30000
Data analyst,Full Time,Senior,MedellÃ­n,USD,63000
Data analyst,Full Time,Senior,Berlin,USD,63000
Data analyst,Full Time,Senior,Campinas,USD,63000
Data analyst,Full Time,Mid,London,USD,51000
Data analyst,Full Time,Mid,Charlotte,USD,51000
Data analyst,Full Time,Senior,Campinas,USD,63000
Data analyst,Full Time,Senior,Tel-Aviv,USD,63000
Data analyst,Full Time,Mid,Cape Town,USD,51000
Data analyst,Full Time,Senior,San Francisco,USD,104000
Data analyst,Full Time,Senior,Brazil - Remote,USD,63000
Data analyst,Full Time,Mid,Newbury,GBP,45000
Data analyst,Full Time,Entry,Boulogne-Billancourt,USD,30000
Data analyst,Full Time,Senior,Brazil,USD,63000
Data analyst,Full Time,Entry,Paris or Remote from France,USD,30000
Data analyst,Full Time,Senior,Remote job,USD,63000
Data analyst,Full Time,Mid,Brussels,USD,51000
Data analyst,Full Time,Mid,Stanford,USD,51000
Data analyst,Full Time,Mid,Sector 62,USD,51000
Data analyst,Full Time,Senior,Mount Laurel Township,USD,63000
Data analyst,Full Time,Senior,Manila,USD,63000
Data analyst,Full Time,Senior,Bangkok,USD,63000
Data analyst,Full Time,Senior,United States,USD,63000
Data analyst,Full Time,Senior,Stuttgart,USD,63000
Data analyst,Full Time,Mid,Denver,USD,51000
Data analyst,Full Time,Senior,London,USD,63000
Data analyst,Full Time,Senior,Sydney,USD,63000
Data analyst,Full Time,Entry,Barcelona,USD,30000
Data analyst,Full Time,Entry,Katowice,USD,30000
Data analyst,Full Time,Senior,Montreal,USD,63000
Data analyst,Full Time,Mid,London,USD,51000
Data analyst,Full Time,Senior,Remote job,USD,63000
Data analyst,Full Time,Senior,East Windsor,USD,63000
Data analyst,Full Time,Senior,SÃ£o Paulo,USD,76000
Data analyst,Full Time,Senior,IaÈ™i,USD,63000
Data analyst,Full Time,Senior,Chantilly,USD,119000
Data analyst,Full Time,Senior,Makati,USD,63000
Data analyst,Full Time,Senior,Remote - United States,USD,63000
Data analyst,Full Time,Entry,Stuttgart,USD,30000
Data analyst,Full Time,Senior,Remote - United States,USD,63000
Data analyst,Full Time,Senior,London,USD,63000
Data analyst,Full Time,Senior,Raleigh,USD,63000
Data analyst,Full Time,Senior,Charenton-Le-Pont,USD,63000
Data analyst,Full Time,Mid,London,USD,51000
Data analyst,Full Time,Senior,Barcelona,USD,63000
Data analyst,Full Time,Mid,Brampton,USD,51000
Data analyst,Full Time,Executive,Chennai,USD,46000
Data analyst,Full Time,Senior,Chennai,USD,63000
Data analyst,Full Time,Senior,UK,USD,63000
Data analyst,Full Time,Mid,Colorado Springs,USD,100000
Data analyst,Full Time,Entry,Porto,USD,30000
Data analyst,Full Time,Senior,New York City,USD,95000
Data analyst,Internship,Senior,Paris,USD,63000
Data analyst,Full Time,Entry,Overland Park,USD,30000
Data analyst,Full Time,Mid,London,USD,51000
Data analyst,Full Time,Senior,Washington,USD,81000
Data analyst,Full Time,Mid,Seattle,USD,51000
Data analyst,Full Time,Senior,Hamburg,USD,63000
Data analyst,Full Time,Entry,Pyrmont,USD,30000
Data analyst,Full Time,Mid,Philadelphia,USD,51000
Data analyst,Full Time,Senior,Helsinki,USD,63000
Data analyst,Full Time,Senior,Richardson,USD,63000
Data analyst,Full Time,Entry,Downers Grove,USD,30000
Data analyst,Full Time,Mid,Chicago,USD,51000
Data analyst,Full Time,Senior,Pittsburgh,USD,63000
Data analyst,Full Time,Senior,United States,USD,152000
Data analyst,Full Time,Executive,Remote,USD,41000
Data analyst,Full Time,Senior,Tel Aviv,USD,63000
Data analyst,Full Time,Mid,Athens,USD,51000
Data analyst,Full Time,Mid,Bengaluru,USD,51000
Data analyst,Full Time,Mid,New York City,USD,40000
Data analyst,Full Time,Senior,United States,USD,125000
Data analyst,Full Time,Senior,Wilmington,USD,63000
Data analyst,Full Time,Senior,Indianapolis,USD,55000
Data analyst,Full Time,Mid,Arlington,USD,51000
Data analyst,Full Time,Entry,High Wycombe,USD,30000
Data analyst,Full Time,Senior,Singapore,USD,63000
Data analyst,Full Time,Mid,Paris,USD,51000
Data analyst,Full Time,Mid,United Kingdom - Remote,USD,51000
Data analyst,Full Time,Senior,Berlin,USD,94000
Data analyst,Full Time,Entry,Lyon,USD,30000
Data analyst,Full Time,Entry,Heredia,USD,30000
Data analyst,Full Time,Entry,Downers Grove,USD,30000
Data analyst,Full Time,Mid,Monterrey,USD,51000
Data analyst,Full Time,Senior,Remote,USD,70000
Data analyst,Full Time,Senior,Remote,USD,140000
Data analyst,Full Time,Mid,Roppongi,USD,51000
Data analyst,Full Time,Senior,London,USD,63000
Data analyst,Full Time,Entry,Milan,USD,30000
Data analyst,Full Time,Senior,Porto,USD,63000
Data analyst,Full Time,Senior,United States,USD,63000
Data analyst,Full Time,Senior,Campinas,USD,63000
Data analyst,Full Time,Mid,Munich,USD,51000
Data analyst,Full Time,Mid,Pune,USD,51000
Data analyst,Full Time,Mid,London,USD,51000
Data analyst,Full Time,Senior,North Macedonia,USD,63000
Data analyst,Full Time,Entry,Carquefou,USD,30000
Data analyst,Full Time,Senior,Bangkok,USD,68000
Data analyst,Full Time,Mid,Chiasso,USD,51000
Data analyst,Full Time,Senior,Seattle,USD,63000
Data analyst,Full Time,Senior,Seoul,USD,63000
Data analyst,Full Time,Entry,Bucharest,USD,30000
Data analyst,Full Time,Mid,United Kingdom - Remote,USD,51000
Data analyst,Full Time,Mid,Angeles,USD,51000
Data analyst,Internship,Entry,Singapore,USD,30000
Data analyst,Full Time,Senior,Palta Cyprus,USD,63000
Data analyst,Full Time,Senior,Remote - United States,USD,63000
Data analyst,Full Time,Entry,Muntinlupa,USD,30000
Data analyst,Internship,Entry,Lausanne,USD,30000
Data analyst,Full Time,Senior,Remote,USD,63000
Data analyst,Full Time,Senior,Remote - United States,USD,89000
Data analyst,Full Time,Mid,Europe,USD,51000
Data analyst,Full Time,Entry,Cape Town,USD,30000
Data analyst,Full Time,Senior,Seattle,USD,68000
Data analyst,Full Time,Entry,Buenos Aires,USD,30000
Data analyst,Full Time,Executive,Bengaluru,USD,41000
Data analyst,Full Time,Senior,IaÈ™i,USD,63000
Data analyst,Full Time,Mid,Toronto,USD,40000
Data analyst,Full Time,Mid,Kingston,USD,51000
Data analyst,Full Time,Senior,Barcelona,USD,63000
Data analyst,Full Time,Mid,Lyon,USD,51000
Data analyst,Full Time,Entry,Paris,USD,30000
Data analyst,Full Time,Entry,Austin,USD,30000
Data analyst,Full Time,Senior,London,USD,63000
Data analyst,Full Time,Senior,Berlin,USD,63000
Data analyst,Full Time,Senior,Nanterre,USD,63000
Data analyst,Full Time,Senior,"Remote - US, Remote - Canada",USD,101000
Data analyst,Full Time,Mid,London,USD,51000
Data analyst,Full Time,Mid,Ciudad de MÃ©xico,USD,51000
Data analyst,Full Time,Mid,London,USD,51000
Data analyst,Full Time,Senior,Philadelphia,USD,63000
Data analyst,Full Time,Mid,Abu Dhabi,USD,51000
Data analyst,Full Time,Senior,Atlanta,USD,63000
Data analyst,Full Time,Senior,Hanoi,USD,63000
Data analyst,Full Time,Senior,Amsterdam,USD,63000
Data analyst,Full Time,Mid,Colorado Springs,USD,100000
Data analyst,Full Time,Senior,Los Angeles,USD,63000
Data analyst,Full Time,Mid,Singapore,USD,51000
Data analyst,Full Time,Senior,Makati,USD,76000
Data analyst,Full Time,Entry,Paris,USD,30000
Data analyst,Full Time,Senior,Remote,USD,76000
Data analyst,Full Time,Senior,Arlington,USD,90000
Data analyst,Full Time,Senior,New York City,USD,70000
Data analyst,Full Time,Senior,Remote US,USD,63000
Data analyst,Full Time,Senior,Montreal,USD,63000
Data analyst,Full Time,Mid,Minato City,USD,51000
Data analyst,Full Time,Mid,Brampton,USD,51000
Data analyst,Full Time,Entry,Berchem,USD,30000
Data analyst,Full Time,Mid,Remote,USD,115000
Data analyst,Full Time,Mid,Barcelona,USD,51000
Data analyst,Full Time,Senior,London,GBP,57000
Data analyst,Full Time,Senior,Minneapolis,USD,96000
Data analyst,Full Time,Mid,Paris,USD,40000
Data analyst,Full Time,Senior,Englewood Cliffs,USD,70000
Data analyst,Full Time,Senior,San Francisco,USD,110000
Data analyst,Full Time,Entry,Tunis,USD,30000
Data analyst,Full Time,Mid,New York City,USD,124000
Data analyst,Full Time,Senior,Bengaluru,USD,63000
Data analyst,Full Time,Mid,Reno,USD,51000
Data analyst,Full Time,Mid,Paris,USD,51000
Data analyst,Full Time,Mid,Bengaluru,USD,51000
Data analyst,Full Time,Senior,Mexico City,USD,63000
Data analyst,Full Time,Entry,Hamburg,USD,30000
Data analyst,Full Time,Senior,India - Bengaluru,USD,63000
Data analyst,Full Time,Mid,Brazil - Remote,USD,51000
Data analyst,Full Time,Senior,New York,USD,70000
Data analyst,Full Time,Senior,Nottingham,USD,63000
Data analyst,Full Time,Senior,Malaysia - Kuala Lumpur,USD,63000
Data analyst,Full Time,Entry,Heredia,USD,30000
Data analyst,Full Time,Mid,United States - Remote,USD,51000
Data analyst,Full Time,Senior,East Windsor,USD,63000
Data analyst,Full Time,Mid,Reigate,USD,51000
Data analyst,Full Time,Executive,Hyderabad,USD,46000
Data analyst,Full Time,Senior,Paris,USD,63000
Data analyst,Full Time,Entry,West Point,USD,30000
Data analyst,Internship,Senior,Casa Grande,USD,63000
Data analyst,Full Time,Senior,Milan,USD,63000
Data analyst,Full Time,Senior,Paris,USD,63000
Data analyst,Full Time,Senior,Montreal,USD,63000
Data analyst,Full Time,Senior,Stevenage,USD,63000
Data analyst,Full Time,Senior,Miami - will also consider remote in â€¦,USD,63000
Data analyst,Full Time,Mid,London,USD,51000
Data analyst,Full Time,Mid,Suitland-Silver Hill,USD,51000
Data analyst,Full Time,Mid,Boulder,USD,160000
Data analyst,Full Time,Senior,Atlanta,USD,63000
Data analyst,Full Time,Mid,Newcastle upon Tyne,USD,51000
Data analyst,Full Time,Mid,Boulder,USD,109000
Data analyst,Internship,Senior,Omaha,USD,63000
Data analyst,Full Time,Senior,Hamburg,USD,68000
Data analyst,Full Time,Entry,Lyon,USD,30000
Data analyst,Full Time,Entry,Mumbai,USD,30000
Data analyst,Full Time,Senior,Remote,USD,63000
Data analyst,Full Time,Senior,Stamford,USD,100000
Data analyst,Full Time,Senior,London,USD,63000
Data analyst,Full Time,Mid,Cork,USD,51000
Data analyst,Full Time,Entry,Singapore,USD,30000
Data analyst,Full Time,Senior,Sydney,USD,63000
Data analyst,Full Time,Entry,Bukit Jalil,USD,30000
Data analyst,Full Time,Senior,SÃ£o Paulo,USD,63000
Data analyst,Full Time,Mid,Athens,USD,51000
Data analyst,Full Time,Entry,Lille,USD,30000
Data analyst,Full Time,Senior,London,USD,68000
Data analyst,Full Time,Mid,Colorado Springs,USD,100000
Data analyst,Full Time,Mid,Monterrey,USD,51000
Data analyst,Full Time,Senior,Stockholm,USD,63000
Data analyst,Full Time,Senior,London,USD,63000
Data analyst,Full Time,Senior,Bucharest,USD,63000
Data analyst,Full Time,Entry,Milwaukee,USD,30000
Data analyst,Full Time,Senior,SÃ£o Paulo,USD,63000
Data analyst,Full Time,Senior,Nanterre,USD,63000
Data analyst,Full Time,Senior,Barcelona,USD,63000
Data analyst,Full Time,Senior,East Windsor,USD,63000
Data analyst,Full Time,Senior,Heredia,USD,63000
Data analyst,Full Time,Entry,Saint-Herblain,USD,30000
Data analyst,Full Time,Senior,Santa Clara,USD,130000
Data analyst,Full Time,Mid,Arlington,USD,51000
Data analyst,Full Time,Entry,Oslo,USD,30000
Data analyst,Full Time,Senior,Canada,USD,63000
Data analyst,Full Time,Senior,United States,USD,63000
Data analyst,Full Time,Entry,London,USD,30000
Data analyst,Full Time,Senior,Paris,USD,63000
Data analyst,Full Time,Mid,Paris,USD,51000
Data analyst,Full Time,Mid,Washington,USD,84000
Data analyst,Full Time,Senior,Santa Clara,USD,130000
Data analyst,Full Time,Mid,Warsaw,USD,51000
Data analyst,Full Time,Entry,Paris,USD,30000
Data analyst,Full Time,Mid,Bengaluru,USD,51000
Data analyst,Full Time,Senior,Liverpool,USD,63000
Data analyst,Full Time,Mid,Singapore,USD,51000
Data analyst,Full Time,Senior,Jakarta,USD,63000
Data analyst,Full Time,Senior,SÃ£o Paulo,USD,63000
Data analyst,Full Time,Entry,London,USD,30000
Data analyst,Full Time,Entry,Remote job,USD,30000
Data analyst,Full Time,Senior,New York City,USD,110000
Data analyst,Full Time,Entry,Modena,USD,30000
Data analyst,Full Time,Mid,Aventura,USD,51000
Data analyst,Full Time,Mid,Fremont,USD,51000
Data analyst,Full Time,Senior,Amsterdam,USD,63000
Data analyst,Full Time,Senior,Bangkok,USD,63000
Data analyst,Full Time,Senior,Atlanta,USD,68000
Data analyst,Full Time,Entry,Barcelona,USD,30000
Data analyst,Full Time,Senior,Bangkok,USD,68000
Data analyst,Full Time,Senior,Poland,USD,63000
Data analyst,Full Time,Senior,London,USD,63000
Data analyst,Full Time,Senior,Bangkok,USD,63000
Data analyst,Full Time,Senior,USA (remote),USD,68000
Data analyst,Full Time,Senior,Bengaluru,USD,63000
Data analyst,Full Time,Mid,Bangkok,USD,51000
Data analyst,Full Time,Mid,London,USD,51000
Data analyst,Full Time,Senior,Bangkok,USD,63000
Data analyst,Full Time,Entry,India - Bengaluru,USD,30000
Data analyst,Full Time,Senior,Bengaluru,USD,63000
Data analyst,Full Time,Mid,Brampton,USD,51000
Data analyst,Full Time,Senior,Stockholm,USD,63000
Data analyst,Full Time,Mid,O'Fallon,USD,51000
Data analyst,Full Time,Mid,New York City,USD,140000
Data analyst,Full Time,Mid,Bengaluru,USD,51000
Data analyst,Full Time,Senior,United States,USD,110000
Data analyst,Full Time,Mid,Richmond,USD,51000
Data analyst,Full Time,Senior,Casa Grande,USD,63000
Data analyst,Full Time,Mid,Southfield,USD,51000
Data analyst,Full Time,Senior,Bangkok,USD,63000
Data analyst,Full Time,Senior,London,USD,63000
Data analyst,Full Time,Senior,West Palm Beach,USD,63000
Data analyst,Full Time,Mid,Ä°stanbul,USD,51000
Data analyst,Full Time,Mid,Saint-Sauveur,USD,51000
Data analyst,Full Time,Entry,Hamburg,USD,30000
Data analyst,Full Time,Mid,Stuttgart,USD,51000
Data analyst,Full Time,Entry,Madrid,USD,30000
Data analyst,Full Time,Senior,New York City,USD,63000
Data analyst,Full Time,Mid,Paris,USD,51000
Data analyst,Full Time,Mid,Sydney,USD,51000
Data analyst,Full Time,Senior,Bangkok,USD,63000
Data analyst,Full Time,Mid,Cape Town,USD,51000
Data analyst,Full Time,Senior,Ontario,USD,63000
Data analyst,Full Time,Senior,Washington DC - will also consider remote â€¦,USD,63000
Data analyst,Full Time,Senior,Bengaluru,USD,63000
Data analyst,Full Time,Senior,Pune,USD,63000
Data analyst,Full Time,Entry,KrakÃ³w,USD,30000
Data analyst,Full Time,Senior,Irving,USD,63000
Data analyst,Full Time,Senior,Malaysia - Kuala Lumpur,USD,63000
Data analyst,Full Time,Senior,Sydney,USD,63000
Data analyst,Full Time,Senior,Montreal,USD,63000
Data analyst,Full Time,Senior,United States,USD,63000
Data analyst,Full Time,Mid,Boston,USD,124000
Data analyst,Full Time,Senior,Remote - USA,USD,63000
Data analyst,Full Time,Senior,Remote,USD,63000
Data analyst,Internship,Entry,Wien,USD,30000
Data analyst,Full Time,Senior,New York City,USD,90000
Data analyst,Full Time,Senior,Stamford,USD,100000
Data analyst,Full Time,Entry,KrakÃ³w,USD,30000
Data analyst,Full Time,Senior,Washington DC - will also consider remote â€¦,USD,63000
Data analyst,Full Time,Mid,Cairo,USD,51000
Data analyst,Full Time,Mid,Colorado Springs,USD,100000
Data analyst,Full Time,Mid,Ä°stanbul,USD,51000
Data analyst,Full Time,Senior,Remote (US),USD,115000
Data analyst,Full Time,Senior,San Francisco,USD,129000
Data analyst,Full Time,Senior,Enkhuizen,USD,68000
Data analyst,Full Time,Senior,Brooklyn,USD,104000
Data analyst,Full Time,Senior,Brooklyn,USD,130000
Data analyst,Full Time,Mid,Paris,USD,40000
Data analyst,Full Time,Entry,Mumbai,USD,30000
Data analyst,Full Time,Mid,Mechelen,USD,51000
Data analyst,Full Time,Senior,San Jose,USD,46000
Data analyst,Full Time,Mid,GenÃ¨ve,USD,51000
Data analyst,Full Time,Senior,Paris,USD,46000
Data analyst,Full Time,Mid,Marousi,USD,51000
Data analyst,Full Time,Senior,Irving,USD,68000
Data analyst,Full Time,Senior,India - Bengaluru,USD,46000
Data analyst,Full Time,Senior,San Francisco,USD,110000
Data analyst,Full Time,Mid,Brampton,USD,51000
Data analyst,Full Time,Senior,US / Remote,USD,46000
Data analyst,Full Time,Senior,New York City,USD,131000
Data analyst,Full Time,Senior,Dubai,USD,46000
Data analyst,Full Time,Senior,Mountain View,USD,68000
Data analyst,Full Time,Mid,Bengaluru,USD,51000
Data analyst,Full Time,Entry,Walnut Creek,USD,30000
Data analyst,Full Time,Senior,USA,USD,46000
Data analyst,Full Time,Mid,Berlin,USD,51000
Big data,Full Time,Senior,Remote,EUR,65000
Big data,Full Time,Mid,London,USD,51000
Big data,Full Time,Senior,London,USD,30000
Big data,Full Time,Mid,London,USD,45000
Big data,Full Time,Senior,London,USD,30000
Big data,Full Time,Senior,Somerville,USD,69000
Big data,Full Time,Senior,Somerville,USD,69000
Big data,Full Time,Senior,London,USD,62000
Big data,Full Time,Senior,London,USD,62000
Big data,Full Time,Senior,London,USD,62000
Big data,Full Time,Mid,London,USD,45000
Big data,Full Time,Senior,Boulogne-Billancourt,USD,62000
Big data,Full Time,Mid,London,USD,45000
Big data,Full Time,Senior,London,USD,62000
Big data,Full Time,Senior,Tel Aviv,USD,30000
Big data,Full Time,Senior,Brussels,USD,62000
Big data,Full Time,Senior,Boston,USD,63000
Big data,Full Time,Senior,Boston - Remote,USD,63000
Big data,Full Time,Senior,Porto,USD,56000
Big data,Full Time,Mid,PoznaÅ„,USD,45000
Big data,Full Time,Senior,London,USD,76000
Big data,Full Time,Senior,Cambridge,USD,68000
Big data,Full Time,Senior,Cambridge,USD,63000
Big data,Full Time,Senior,London,USD,76000
Big data,Full Time,Senior,Remote,USD,120000
Big data,Full Time,Senior,Chicago,USD,113000
Big data,Full Time,Entry,Katowice,USD,30000
Big data,Full Time,Senior,Kusterdingen,USD,76000
Big data,Full Time,Senior,Kyiv,USD,30000
Big data,Full Time,Senior,Salt Lake City,USD,68000
Big data,Full Time,Senior,Basel,USD,68000
Big data,Full Time,Senior,Santa Clara,USD,171000
Big data,Full Time,Senior,SÃ£o Paulo,USD,30000
Big data,Full Time,Senior,United States,USD,63000
Big data,Full Time,Senior,San Francisco,USD,106000
Big data,Full Time,Senior,Basel,USD,68000
Big data,Full Time,Mid,Abu Dhabi,USD,51000
Big data,Full Time,Senior,Cape Town,USD,30000
Big data,Full Time,Senior,Aarhus,USD,68000
Big data,Full Time,Senior,Remote,USD,68000
Big data,Full Time,Senior,Jealott's Hill,USD,68000
Big data,Full Time,Senior,Remote,USD,76000
Big data,Full Time,Senior,Beaverton,USD,76000
Big data,Full Time,Mid,Paris,USD,51000
Big data,Full Time,Executive,Hyderabad,USD,46000
Big data,Full Time,Senior,Dublin,USD,30000
Big data,Full Time,Senior,Kusterdingen,USD,76000
Big data,Full Time,Entry,PoznaÅ„,USD,30000
Big data,Full Time,Senior,Singapore,USD,56000
Big data,Full Time,Senior,London,USD,76000
Big data,Full Time,Senior,Hyderabad,USD,30000
Big data,Full Time,Senior,Warszawa,USD,30000
Big data,Full Time,Senior,Poland,USD,63000
Big data,Full Time,Senior,Bangkok,USD,63000
Big data,Full Time,Mid,Bangkok,USD,51000
Big data,Full Time,Senior,Bangkok,USD,63000
Big data,Full Time,Senior,Bengaluru,USD,30000
Big data,Full Time,Senior,United States,USD,63000
Big data,Full Time,Senior,Bengaluru,USD,30000
Big data,Internship,Entry,Wien,USD,30000
Big data,Full Time,Senior,Mexico City,USD,30000
Big data,Full Time,Senior,Baar,USD,68000
Big data,Full Time,Senior,Hyderabad,USD,30000
Big data,Full Time,Senior,Remote,USD,100000
Big data,Full Time,Mid,Bordeaux,USD,40000
Big data,Full Time,Entry,Mumbai,USD,30000
Big data,Full Time,Senior,Petach Tikva,USD,30000
Big data,Full Time,Senior,Bengaluru,USD,30000
Big data,Full Time,Senior,Remote (Anywhere US),USD,30000
Big data,Full Time,Senior,New York City,USD,129000
Big data,Full Time,Senior,Athens,USD,76000
Big data,Full Time,Senior,Kusterdingen,USD,76000
Big data,Full Time,Senior,"New York City, San Francisco",USD,178000
Big data,Full Time,Senior,Bangkok,USD,46000
Big data,Full Time,Senior,Delhi,USD,76000
Big data,Full Time,Senior,Delhi,USD,76000
Big data,Full Time,Senior,Bangkok,USD,46000
Big data,Full Time,Mid,Bangkok,USD,51000
Big data,Full Time,Senior,Westminster,USD,100000
Big data,Full Time,Mid,Toulouse,USD,30000
Big data,Full Time,Senior,Vero Beach,USD,45000
Big data,Full Time,Senior,India,USD,30000
Big data,Full Time,Senior,Makati,USD,30000
Big data,Full Time,Senior,Cartagena,USD,76000
Big data,Full Time,Mid,Granada,USD,38000
Big data,Full Time,Senior,Sydney,USD,30000
Big data,Full Time,Senior,Remote,USD,76000
Big data,Full Time,Mid,Las Vegas,USD,78000
Big data,Full Time,Senior,Singapore,USD,46000
Big data,Full Time,Mid,Bangkok,USD,38000
Big data,Full Time,Senior,Bengaluru,USD,76000
Big data,Full Time,Mid,Enkhuizen,USD,38000
Big data,Full Time,Senior,Bengaluru,USD,76000
Big data,Full Time,Mid,Bengaluru,USD,30000
Big data,Full Time,Mid,Bengaluru,USD,30000
Big data,Full Time,Mid,Bengaluru,USD,30000
Big data,Full Time,Mid,Monterrey,USD,38000
Big data,Full Time,Senior,Bangkok,USD,46000
Big data,Full Time,Senior,Bangkok,USD,46000
Big data,Full Time,Mid,Barcelona,USD,30000
Big data,Full Time,Mid,Bangkok,USD,51000
Machine learning,Full Time,Mid,US east coast,USD,124000
Machine learning,Full Time,Executive,MontrÃ©al,USD,81000
Machine learning,Full Time,Mid,Remote,USD,51000
Machine learning,Full Time,Mid,Remote,USD,51000
Machine learning,Full Time,Senior,Stuttgart,USD,62000
Machine learning,Full Time,Mid,Remote,USD,51000
Machine learning,Full Time,Senior,Boston,USD,120000
Machine learning,Full Time,Senior,London,USD,68000
Machine learning,Full Time,Mid,Remote,USD,51000
Machine learning,Full Time,Senior,Boston,USD,120000
Machine learning,Full Time,Senior,Remote Poland,USD,56000
Machine learning,Full Time,Senior,Research Triangle Park,USD,69000
Machine learning,Full Time,Mid,Remote,USD,51000
Machine learning,Full Time,Senior,Remote Poland,USD,56000
Machine learning,Full Time,Mid,Remote,USD,51000
Machine learning,Full Time,Mid,Malvern,USD,56000
Machine learning,Full Time,Mid,Athens,USD,51000
Machine learning,Full Time,Senior,Remote Poland,USD,56000
Machine learning,Full Time,Senior,Portland,USD,142000
Machine learning,Full Time,Mid,Warsaw,USD,51000
Machine learning,Full Time,Senior,Santa Clara,USD,69000
Machine learning,Full Time,Mid,Warsaw,USD,51000
Machine learning,Full Time,Mid,Warsaw,USD,51000
Machine learning,Full Time,Senior,Remote,USD,62000
Machine learning,Full Time,Mid,Toronto,USD,43000
Machine learning,Full Time,Senior,Lisbon,USD,45000
Machine learning,Full Time,Senior,Mexico,USD,185000
Machine learning,Full Time,Senior,Portland,USD,142000
Machine learning,Full Time,Senior,Paris,USD,45000
Machine learning,Full Time,Senior,San Francisco,USD,190000
Machine learning,Full Time,Senior,Seattle,USD,63000
Machine learning,Full Time,Senior,United States (Remote),USD,45000
Machine learning,Full Time,Entry,New York City,USD,30000
Machine learning,Full Time,Senior,San Francisco,USD,201000
Machine learning,Full Time,Senior,Washington,USD,81000
Machine learning,Internship,Entry,Mountain View,USD,56000
Machine learning,Full Time,Senior,New York City,USD,150000
Machine learning,Full Time,Senior,Seattle,USD,45000
Machine learning,Full Time,Senior,Seattle,USD,45000
Machine learning,Internship,Entry,Mountain View,USD,56000
Machine learning,Full Time,Senior,San Francisco,USD,165000
Machine learning,Full Time,Mid,Sydney,USD,62000
Machine learning,Internship,Senior,New York City,USD,45000
Machine learning,Full Time,Mid,Athens,USD,43000
Machine learning,Full Time,Senior,Cambridge,USD,68000
Machine learning,Full Time,Senior,Remote- US,USD,150000
Machine learning,Full Time,Senior,Remote Canada,USD,63000
Machine learning,Full Time,Senior,United States,USD,45000
Machine learning,Full Time,Mid,Cape Town,USD,51000
Machine learning,Full Time,Senior,Cambridge,USD,63000
Machine learning,Full Time,Senior,New York City,USD,175000
Machine learning,Full Time,Senior,Montreal,USD,56000
Machine learning,Full Time,Entry,Barcelona,USD,30000
Machine learning,Full Time,Mid,Athens,USD,63000
Machine learning,Full Time,Mid,London,USD,43000
Machine learning,Full Time,Senior,Brooklyn,USD,196000
Machine learning,Full Time,Senior,Remote Canada,USD,63000
Machine learning,Full Time,Senior,Kyiv,USD,30000
Machine learning,Full Time,Senior,Remote - United States,USD,177000
Machine learning,Full Time,Senior,Bengaluru,USD,63000
Machine learning,Full Time,Senior,Lisbon,USD,45000
Machine learning,Full Time,Senior,Australia,USD,45000
Machine learning,Full Time,Senior,San Francisco,USD,167000
Machine learning,Full Time,Senior,Sydney,USD,45000
Machine learning,Full Time,Mid,Brampton,USD,43000
Machine learning,Full Time,Mid,Dallas,USD,40000
Machine learning,Full Time,Mid,Santiago de QuerÃ©taro,USD,45000
Machine learning,Full Time,Senior,Washington,USD,81000
Machine learning,Full Time,Senior,Warsaw,USD,120000
Machine learning,Full Time,Senior,San Francisco,USD,120000
Machine learning,Full Time,Mid,La Libertad,USD,45000
Machine learning,Full Time,Mid,Santiago,USD,45000
Machine learning,Full Time,Entry,Seoul,USD,30000
Machine learning,Full Time,Senior,New York City,USD,200000
Machine learning,Full Time,Senior,New York,USD,95000
Machine learning,Full Time,Mid,Dayton,USD,40000
Machine learning,Full Time,Senior,Seoul,USD,68000
Machine learning,Full Time,Entry,Seattle,USD,30000
Machine learning,Internship,Mid,Paris,USD,63000
Machine learning,Full Time,Mid,Emeryville,USD,135000
Machine learning,Full Time,Entry,Massy - France,USD,36000
Machine learning,Full Time,Senior,San Francisco,USD,68000
Machine learning,Internship,Mid,Brooklyn,USD,63000
Machine learning,Full Time,Senior,Seoul,USD,45000
Machine learning,Internship,Mid,Paris,USD,63000
Machine learning,Full Time,Senior,Oakville,USD,68000
Machine learning,Full Time,Senior,Seoul,USD,45000
Machine learning,Full Time,Senior,Munich,USD,45000
Machine learning,Full Time,Senior,Lisbon,USD,45000
Machine learning,Full Time,Senior,Santa Clara,USD,68000
Machine learning,Full Time,Senior,Remote US,USD,45000
Machine learning,Full Time,Senior,United States,USD,63000
Machine learning,Internship,Mid,United States - Remote,USD,63000
Machine learning,Full Time,Entry,Calabasas,USD,120000
Machine learning,Full Time,Entry,Carquefou,USD,30000
Machine learning,Full Time,Mid,United States - Remote,USD,100000
Machine learning,Full Time,Senior,Melbourne,USD,45000
Machine learning,Full Time,Mid,New York City,USD,150000
Machine learning,Internship,Mid,Brooklyn,USD,63000
Machine learning,Full Time,Senior,Seattle,USD,45000
Machine learning,Full Time,Mid,United States - Remote,USD,100000
Machine learning,Full Time,Mid,Ann Arbor,USD,90000
Machine learning,Full Time,Entry,Roppongi,USD,56000
Machine learning,Full Time,Senior,Palo Alto,USD,45000
Machine learning,Full Time,Mid,United States - Remote,USD,43000
Machine learning,Full Time,Mid,Nairobi,USD,43000
Machine learning,Full Time,Mid,France - Remote,USD,43000
Machine learning,Full Time,Entry,Toronto,USD,36000
Machine learning,Full Time,Senior,"Remote - US, Remote - Canada",USD,168000
Machine learning,Full Time,Mid,Ahmedabad,USD,43000
Machine learning,Full Time,Mid,Barcelona,USD,40000
Machine learning,Full Time,Senior,New York City,USD,45000
Machine learning,Full Time,Senior,San Francisco,USD,142000
Machine learning,Full Time,Mid,Roppongi,USD,43000
Machine learning,Full Time,Senior,Pune,USD,45000
Machine learning,Full Time,Mid,Roppongi,USD,43000
Machine learning,Full Time,Senior,Berlin,USD,120000
Machine learning,Full Time,Senior,Remote,USD,76000
Machine learning,Full Time,Senior,Remote - United States,USD,45000
Machine learning,Full Time,Senior,Arlington,USD,90000
Machine learning,Full Time,Senior,Aarhus,USD,68000
Machine learning,Full Time,Senior,Arlington,USD,105000
Machine learning,Full Time,Senior,Berlin,USD,120000
Machine learning,Full Time,Mid,Brampton,USD,43000
Machine learning,Full Time,Senior,London,USD,45000
Machine learning,Full Time,Senior,Vancouver,USD,132000
Machine learning,Full Time,Senior,Remote,USD,45000
Machine learning,Full Time,Senior,Palo Alto,USD,45000
Machine learning,Full Time,Entry,San Francisco,USD,140000
Machine learning,Full Time,Mid,Paris,USD,51000
Machine learning,Full Time,Senior,US Remote,USD,183000
Machine learning,Full Time,Senior,Beaverton,USD,63000
Machine learning,Full Time,Senior,Remote,USD,45000
Machine learning,Full Time,Senior,Toronto,USD,68000
Machine learning,Internship,Senior,Sunnyvale,USD,63000
Machine learning,Full Time,Entry,Warszawa,USD,30000
Machine learning,Internship,Mid,Brooklyn,USD,63000
Machine learning,Full Time,Entry,Antwerp,USD,30000
Machine learning,Full Time,Mid,Dallas,USD,40000
Machine learning,Full Time,Senior,San Francisco,USD,45000
Machine learning,Full Time,Mid,Remote job,USD,45000
Machine learning,Full Time,Senior,Bengaluru,USD,76000
Machine learning,Full Time,Senior,London,USD,68000
Machine learning,Full Time,Mid,Barcelona,USD,43000
Machine learning,Full Time,Senior,Remote,USD,76000
Machine learning,Full Time,Senior,Paris | Remote,EUR,70000
Machine learning,Full Time,Senior,Amsterdam,USD,120000
Machine learning,Full Time,Senior,Amsterdam,USD,45000
Machine learning,Full Time,Senior,Remote - Uruguay,USD,45000
Machine learning,Full Time,Senior,Vietnam - Remote,USD,76000
Machine learning,Full Time,Mid,Budapest,USD,45000
Machine learning,Full Time,Entry,PoznaÅ„,USD,30000
Machine learning,Full Time,Senior,Singapore,USD,56000
Machine learning,Full Time,Entry,Oslo,USD,30000
Machine learning,Full Time,Senior,London,USD,45000
Machine learning,Full Time,Senior,Bangkok,USD,68000
Machine learning,Full Time,Senior,United States,USD,45000
Machine learning,Full Time,Senior,Bangkok,USD,63000
Machine learning,Full Time,Senior,New York,USD,145000
Machine learning,Full Time,Senior,tel aviv,USD,45000
Machine learning,Full Time,Senior,United States,USD,145000
Machine learning,Full Time,Mid,Brampton,USD,43000
Machine learning,Full Time,Senior,Remote,USD,45000
Machine learning,Full Time,Senior,Palo Alto,USD,45000
Machine learning,Full Time,Executive,New York City - Boston,USD,110000
Machine learning,Full Time,Senior,Bangkok,USD,63000
Machine learning,Full Time,Senior,Remote,USD,45000
Machine learning,Full Time,Mid,Markham,USD,43000
Machine learning,Full Time,Senior,Toronto,USD,120000
Machine learning,Full Time,Senior,India,USD,45000
Machine learning,Full Time,Senior,United States,USD,45000
Machine learning,Full Time,Mid,Spain - Remote,USD,40000
Machine learning,Full Time,Senior,Remote,USD,45000
Machine learning,Full Time,Mid,London,GBP,40000
Machine learning,Full Time,Senior,San Francisco,USD,45000
Machine learning,Full Time,Senior,Bengaluru,USD,45000
Machine learning,Full Time,Senior,Tampere,USD,45000
Machine learning,Full Time,Entry,Sofia,USD,30000
Machine learning,Full Time,Senior,US Remote,USD,163000
Machine learning,Full Time,Senior,United States,USD,45000
Machine learning,Full Time,Senior,London,USD,45000
Machine learning,Full Time,Senior,Brooklyn,USD,196000
Machine learning,Full Time,Senior,US Remote,USD,120000
Machine learning,Full Time,Senior,United States,USD,63000
Machine learning,Full Time,Senior,Remote - USA,USD,63000
Machine learning,Full Time,Senior,United States,USD,45000
Machine learning,Full Time,Senior,United States,USD,45000
Machine learning,Full Time,Senior,Remote,USD,45000
Machine learning,Full Time,Executive,United States,USD,43000
Machine learning,Full Time,Senior,Canada,USD,45000
Machine learning,Full Time,Mid,Cambridge,USD,30000
Machine learning,Full Time,Senior,Indianapolis,USD,68000
Machine learning,Full Time,Mid,Bengaluru,USD,63000
Machine learning,Full Time,Senior,Toronto,USD,45000
Machine learning,Full Time,Senior,Work from Home,USD,45000
Machine learning,Full Time,Senior,New York City,USD,81000
Machine learning,Full Time,Senior,Munich,USD,45000
Machine learning,Full Time,Mid,New York City,USD,43000
Machine learning,Full Time,Senior,"New York City, San Francisco",USD,141000
Machine learning,Full Time,Entry,Seattle,USD,30000
Machine learning,Full Time,Senior,Los Angeles,USD,103000
Machine learning,Full Time,Mid,Lisbon,USD,63000
Machine learning,Full Time,Mid,Roppongi,USD,62000
Machine learning,Full Time,Senior,Valencia,USD,68000
Machine learning,Full Time,Senior,Remote,USD,100000
Machine learning,Full Time,Senior,Remote Canada,USD,45000
Machine learning,Full Time,Mid,South Jakarta,USD,43000
Machine learning,Full Time,Senior,Seattle,USD,68000
Machine learning,Full Time,Senior,Canada,USD,45000
Machine learning,Full Time,Senior,London,USD,63000
Machine learning,Full Time,Mid,Roppongi,USD,62000
Machine learning,Full Time,Senior,Mountain View,USD,56000
Machine learning,Full Time,Senior,Palo Alto,USD,68000
Machine learning,Full Time,Senior,Bengaluru,USD,68000
Machine learning,Full Time,Senior,Dublin,USD,45000
Machine learning,Full Time,Senior,Berlin,USD,68000
Machine learning,Full Time,Senior,Atlanta,USD,76000
Machine learning,Full Time,Mid,Mandaluyong,USD,43000
Machine learning,Full Time,Senior,Atlanta,USD,76000
Machine learning,Full Time,Senior,Remote,USD,45000
Machine learning,Full Time,Mid,Brampton,USD,43000
Machine learning,Full Time,Senior,London,USD,45000
Machine learning,Full Time,Senior,San Francisco,USD,142000
Machine learning,Full Time,Executive,Singapore,USD,43000
Machine learning,Full Time,Senior,Toronto,USD,228000
Machine learning,Full Time,Senior,Bengaluru,USD,45000
Machine learning,Full Time,Executive,San Francisco,USD,175000
Machine learning,Full Time,Mid,Greenville,USD,38000
Machine learning,Full Time,Senior,San Jose,USD,56000
Machine learning,Full Time,Senior,Bengaluru,USD,45000
Machine learning,Full Time,Senior,San Francisco,USD,45000
Machine learning,Full Time,Senior,Seoul,USD,68000
Machine learning,Full Time,Entry,Seoul,USD,30000
Machine learning,Full Time,Senior,San Jose,USD,45000
Machine learning,Full Time,Senior,Brooklyn,USD,184000
Machine learning,Full Time,Senior,Bengaluru,USD,45000
Machine learning,Full Time,Senior,San Jose,USD,45000
Machine learning,Full Time,Mid,Berkeley,USD,43000
Machine learning,Full Time,Senior,Seoul,USD,45000
Machine learning,Full Time,Senior,San Francisco,USD,142000
Machine learning,Full Time,Senior,Santa Clara,USD,45000
Machine learning,Full Time,Senior,Munich,USD,45000
Machine learning,Full Time,Entry,Antwerp,USD,30000
Machine learning,Full Time,Mid,United States,USD,43000
Machine learning,Full Time,Senior,San Francisco,USD,172000
Machine learning,Full Time,Senior,Sunnyvale,USD,56000
Machine learning,Full Time,Senior,Lexington,USD,68000
Machine learning,Full Time,Senior,Sunnyvale,USD,56000
Machine learning,Full Time,Senior,London,USD,45000
Machine learning,Full Time,Senior,New York City,USD,45000
Machine learning,Full Time,Senior,Bangkok,USD,46000
Machine learning,Full Time,Senior,Portugal,USD,45000
Machine learning,Internship,Entry,Santa Clara,USD,36000
Machine learning,Full Time,Mid,London,GBP,65000
Machine learning,Full Time,Senior,Boston,USD,115000
Machine learning,Full Time,Senior,Pune,USD,45000
Machine learning,Full Time,Senior,San Francisco,USD,142000
Machine learning,Full Time,Senior,Delhi,USD,76000
Machine learning,Full Time,Mid,Warsaw,USD,43000
Machine learning,Full Time,Senior,Bangkok,USD,46000
Machine learning,Full Time,Mid,KrakÃ³w,USD,43000
Machine learning,Full Time,Senior,Bengaluru,USD,68000
Machine learning,Full Time,Senior,WrocÅ‚aw,USD,45000
Machine learning,Full Time,Senior,WrocÅ‚aw,USD,45000
Machine learning,Full Time,Senior,New York City,USD,119000
Machine learning,Full Time,Senior,San Francisco,USD,147000
Machine learning,Full Time,Senior,Basel,USD,45000
Machine learning,Full Time,Senior,Palo Alto,USD,45000
Machine learning,Full Time,Senior,Abu Dhabi,USD,68000
Machine learning,Full Time,Senior,India,USD,68000
Machine learning,Internship,Senior,United States,USD,45000
Machine learning,Full Time,Senior,ÄŒeskÃ© BudÄ›jovice,USD,68000
Machine learning,Full Time,Senior,San Francisco,USD,68000
Machine learning,Full Time,Mid,Toulouse,USD,30000
Machine learning,Full Time,Senior,Ballerup,USD,76000
Machine learning,Full Time,Senior,Vero Beach,USD,45000
Machine learning,Full Time,Mid,Ho Chi Minh City,USD,38000
Machine learning,Full Time,Entry,Paris,USD,30000
Machine learning,Internship,Entry,Palo Alto,USD,30000
Machine learning,Full Time,Senior,Poland,USD,45000
Machine learning,Full Time,Senior,UK/EU or compatible timezone (Remote),USD,45000
Machine learning,Full Time,Senior,San Francisco,USD,45000
Machine learning,Full Time,Mid,Brampton,USD,43000
Machine learning,Full Time,Senior,Remote,USD,68000
Machine learning,Full Time,Entry,Stuttgart,USD,30000
Machine learning,Full Time,Senior,Toronto,USD,45000
Machine learning,Full Time,Senior,United States,USD,45000
Machine learning,Full Time,Senior,Remote,USD,45000
Machine learning,Full Time,Mid,Ann Arbor,USD,90000
ML Ops,Full Time,Mid,US east coast,USD,124000
ML Ops,Full Time,Entry,North Sydney,USD,35000
ML Ops,Full Time,Senior,Berlin,USD,62000
ML Ops,Full Time,Mid,Malvern,USD,56000
ML Ops,Full Time,Mid,London,USD,43000
ML Ops,Full Time,Mid,Santiago de QuerÃ©taro,USD,45000
ML Ops,Full Time,Mid,La Libertad,USD,45000
ML Ops,Full Time,Mid,Santiago,USD,45000
ML Ops,Full Time,Senior,San Francisco,USD,68000
ML Ops,Full Time,Entry,San Diego,USD,58000
ML Ops,Full Time,Senior,Toronto,USD,45000
ML Ops,Full Time,Senior,"New York City, San Francisco",USD,141000
ML Ops,Full Time,Senior,New York City / Remote,USD,55000
ML Ops,Full Time,Senior,Remote,USD,100000
ML Ops,Full Time,Senior,Toronto,USD,228000
ML Ops,Full Time,Senior,Boston,USD,115000
ML Ops,Full Time,Senior,Delhi,USD,76000
ML Ops,Full Time,Senior,San Francisco,USD,68000
ML Ops,Internship,Senior,New York City,USD,135000